Sku;Description;ReduxCoef
183;REGLISSE BATONS 500G;
301;SUCRE ENVELOPPE BLANC/ROUX PERRUCHE 2K5;
309;SUCRE CANNE ROUX PERRUCHE 750G;
319;SUCRE CRISTAL SAC 1 KG;
327;VERGEOISE BRUNE X 500G;
435;CANNEBERGES 1 KG;
442;EAU AROME DE FLEUR D'ORANGER 50CL;
445;TAHINI CREME DE SESAME KANATER 900G;
446;MELASSE DE GRENADE 410G;
454;EAU AROME DE ROSE 500ML;
455;MIEL TOUTES FLEURS 1KG;
488;MIEL DE CHATAIGNIER 250G;
492;MIEL DU BERRY TOUTES FLEURS 250G;
494;MIEL DE SOLOGNE TOU FLEUR 250G;
513;MIEL DE LAVANDE DE FRANCE 250G;
522;MIEL DE SAPIN DE FRANCE 250G;
524;MIEL DE THYM 250G;
541;MIEL DE CITRONNIER 250G;
590;CONFITURE DE LAIT AU BEURRE SALE 250G;
604;PANACHE CONFITURE ANCIENNE 80X28GR;
636;CERISE NOIRE DE FRANCE : PREPARATION DE FRUIT 300G;
666;CONFITURE D'ABRICOT 1KG;
668;CONFITURE DE FRAISE 1KG;
672;MARMELADE D'ORANGE AMERE 1KG;
849;FARINE DE POIS CHICHES 1KG;
852;FARINE TYPE 55 1KG;
853;FARINE TYPE 45 1KG;
854;FARINE BLE NOIR/SARRASIN 1 KG;
856;FARINE MAIS FIORETTO JAUNE 1KG;
857;MAIZENA PAQUET 700G;
863;LAIT CONCENTRE SUCRE 1KG;
877;GELATINE OR 200 BLOOM 500 FEUILLES 1 KG;
880;BAKING POWDER ANCEL 1 KG;
882;BOMBE A GRAISSE OURAGAN 500ML;
885;NAPPAGE MIROIR NEUTRE 1,5 KG;
911;COUVERTURE EXCELLENCE 55% 5KG;
912;COUVERTURE TANZANIE 75% PISTOLE 1KG;
918;COUVERTURE INAYA 65% 5KG;
919;COUVERTURE ALUNGA 41% 5KG;
925;COUVERTURE CHOCOLAT AMER 60% 5KG;
926;COUVERTURE FORCE NOIRE 50% 5KG;
940;PRALINE GRAINS NOISETTE 50%1KG;
950;CHOCOLAT RUBY RB1 2,5KG;
959;DROPS DE CHOCOLAT 1KG;
960;BEURRE DE CACAO MYCRYO SAUPOUDREUR 550G;
963;GRUE DE CACAO SEAU 1 KG;
964;"CACAO POUDRE ""PLEIN AROME"" 1KG";
965;DECOR CACAO 1 KG;
967;MICRO COPEAUX CHOCOLAT NOIR 1KG;
985;CARA CRAKINE 1KG;
1332;PATE D'AMANDE CRUE 52% 1KG;
1388;LEVURE PANIFICATION FRAICHE LOT DE 5 x 500G;
1389;AMANDE BLANCHIE BATONNETS 1 KG;
1392;PAPIER GUITARE X 100;
1395;ISOMALT 4KG;
1410;BICARBONATE SOUDE 1KG;
1414;ACIDE ASCORBIQUE 1KG;
1418;BLANC OEUF GALLIA SECHE 1KG;
1420;ACIDE CITRIQUE POUDRE 1KG;
1421;PECTINE 325 NH 95 1KG;
1426;AGAR AGAR POUDRE 1KG;
1430;PECTINE JAUNE 1KG;
1433;XANTHANE GOMME 1 KG;
1439;STAB 2000 GLACES 1KG;
1440;GLUCOSE DESHYDRATE 1KG;
1447;PECTINE NH NAPPAGE 1KG;
1451;GELATINE POISSONS POUDRE 1KG;
1452;(TRIMOLINE) SUCRE INVERTI 1KG;
1469;LECITHINE SOJA FLUIDE 1KG;
1470;LECITHINE SOJA POUDRE 1KG;
1552;PREPARATION PATE PISTACHE AROMATISEE & COLOREE 1KG;
1646;TRENDY ROND SUCRE PUR BEURRE 7CM X 96;
1648;TRENDY CARRE NEUTRE 7x7CM X 96;
1649;MINI TRENDY ROND SUCRE PUR BEURRE 4,9CM X90;
1669;TRENDY ROND PUR BEURRE CHOCOLAT 7CM X96;
1734;MINI TRENDY ROND PUR BEURRE CHOCOLAT 4CM X96;
1758;FEUILLE DE GENOISE CACAO 58x38x0.7CM  X6;
1837;TULIPE GAUFFREE SUCREE 10.5CM X96;
1850;MERINGUE DROPS NATURE 200G;
1857;TRENDY SUCRE RECTANGLE PUR BEURRE 9x3.4x1.4CM x108;
1872;TARTE SABLEE BORD CANNELE 28CM X10;
1913;CITRONS LAMELLES POUDREES 1KG;
1982;FEUILLE DE BRICK X 10 FEUILLES 170G;
1984;PATE A RAVIOLE 10X10 250G;
1989;SAUCE TERIYAKI KIKKOMAN 25CL;
1993;PETITS POIS SOUFFLE WASABI 180G;
1995;LAIT D'AMANDE PUR 1L;
2000;SAUCE NUOC-M¶M 72CL;
2003;WASABI PATE TUBE 43G;
2005;SAUCE KIKKOMAN SALEE 1 L;
2007;GALETTE RIZ 22CM 454G;
2009;NORI SECHEEx 50 F x110G;
2012;RIZ POUR SUSHI 1 KG;
2015;GINGEMBRE POUR SUSHI 1,45 KG;
2023;FARINE DE RIZ 400 G;
2027;PATE TAMARIN 227 GR;
2030;SAUCE SOJA SUCREE KIKKOMAN 250ML;
2033;SAUCE SOJA SUCREE KIKKOMAN 975ML;
2072;SAUCE PIMENT SWEET& SOUR 900G;
2300;PATE MARRON DESCOURS 4/4 900G;
2301;CREME MARRON DESCOUR POCHE 1KG;
2307;CHATAIGNES ENTIERES CUITES SACHET 500G;
2312;MARRONS ENTIERS CUITS SOUS VIDE PONTHIER 400G;
2317;PUREE DE MARRON SANS SUCRE AJOUTE 400G;
2318;FARINE DE CHATAIGNE POT 450G;
2321;CREME MARRONS FAUGIER 4/4 992G;
2325;PATE MARRONS CONFIT EXTRA FAUGIER 4/4 1 KG;
2350;PUREE D'ABRICOT PONTHIER 1KG;
2351;PUREE D'ANANAS PONTHIER 1KG;
2352;PUREE DE BANANE PONTHIER 1KG;
2353;PUREE DE CASSIS PONTHIER 1KG;
2354;PUREE DE CITRON JAUNE 100% PONTHIER 1KG;
2355;PUREE DE CITRON VERT 100% PONTHIER 1KG;
2356;PUREE DE NOIX DE COCO INTENSE PONTHIER 1KG;
2359;PUREE DE FRAISE PONTHIER 1KG;
2360;PUREE DE FRAMBOISE PONTHIER 1KG;
2364;PUREE DE GROSEILLE PONTHIER 1KG;
2365;PUREE DE LITCHI PONTHIER 1KG;
2366;PUREE DE MANDARINE 100% PONTHIER 1KG;
2367;PUREE DE MANGUE ALPHONSO PONTHIER 1KG;
2368;PUREE DE FRUITS ROUGES PONTHIER 1KG;
2369;PUREE DE MURE PONTHIER 1KG;
2370;PUREE DE MYRTILLE PONTHIER 1KG;
2372;PUREE DE PASSION PONTHIER 1KG;
2373;PUREE DE PECHE BLANCHE PONTHIER 1KG;
2374;PUREE DE POIRE PONTHIER 1KG;
2375;PUREE DE POMME VERTE PONTHIER 1KG;
2390;COULIS DE FRUITS EXOTIQUES PONTHIER 1KG;
2392;COULIS DE FRAMBOISE PONTHIER 1KG;
2393;COULIS DE FRUITS ROUGES PONTHIER 1KG;
2396;COULIS DE FRAISE & YUZU PONTHIER 1KG;
2397;COULIS DE MANGUE PONTHIER 1KG;
2398;COULIS DE POIRE PONTHIER 1KG;
3720;NOUGATS A ENROBER X 1 KG;
3850;PRALINE ROSE SURFINE 1 KG;
3909;GROS CUILLERS PATISSIER 1.6 KG;
3919;BISCUITS ROSES REIMS 9X250G;
4093;LENTILLES VERTES BERRY SACHET PLASTIQUE 500G;
4097;DAKATINE PATE D'ARACHIDE 4/4 850g;
4103;RIZ LONG ARBORIO 1KG;
4104;RIZ LONG BASMATI ELEPHANT 5KG;
4105;RIZ LONG BASMATI ELEPHANT 1KG;
4111;RIZ PARFUME JASMINE TILDA 1KG;
4114;LENTILLES CORAIL 1KG;
4136;RIZ ROND 1KG;
4144;FLOCON D'AVOINE 500G;
4147;CROZETS NATURE 5 KG;
4151;COUSCOUS DARI FIN 1KG;
4166;PERLES DU JAPON 350G;
4168;TAPIOCA FIN  EXPRESS 300 G;
4220;CONCHIGLIONI RIGATI Nø126 500G;
4221;ORZO (RISO) Nø 74 500 G;
4226;LASAGNES AUX OEUFS Nø112 500G;
4228;ZITA Nø18 500G;
4232;TRIO DE QUINOA BIO 500G;
4252;TAGLIATELLE NOIR DE SEPIA X 3 KG;
4256;TAGLIATELLES CEPES & BOLETS 250G;
4257;TAGLIATELLES AU NOIR DE SEPIA 250G;
4258;TAGLIATELLES AU CURRY 250G;
4264;TAGLIATELLES A LA TRUFFES DE LA SAINT JEAN 250G;
4265;TAGLIATELLES AU SAFRAN 250G;
4377;OLIVES TAGGIASCHE DENOYOTEES ELENA 300 G;
4393;FEUILLES CAPRES A L'HUILE D'OLIVE (41G NE) 100G;
4397;FREGOLA SARDA 1KG;
4629;VINAIGRE FRAMBOISE 50CL;
4630;VINAIGRE VIN ROUGE 50CL;
4662;VINAIGRE XERES 1L;
4664;VINAIGRE CIDRE NORMANDIE 1 L;
4680;VINAIGRE BALSAMIQUE DE MODENE IGP HAUTE DENSITE 25CL;
4722;VINAIGRE BALSAMIQUE DE MODENE IGP 1L;
4726;"VINAIGRE BALSAMIQUE DE MODENE IGP ""1891"" 25CL";
4754;HUILE PEPIN DE COURGE 25CL;
4815;HUILE OLIVE MAS LES BOUVIERS 75CL;
4816;HUILE OLIVE MILLESIME 23 75CL;
4818;HUILE OLIVE NYONS AOP 70CL;
4824;HUILE NOIX 50% VIERGE MEDELYS 1L;
4825;HUILE NOISETTE 50% VIERGE MEDELYS 1L;
4853;HUILE PEPINS RAISINS PET 1 L;
4878;VINAIGRE PULPE MANGUE 20CL;
4879;VINAIGRE PULPE PASSION 20CL;
4893;VINAIGRETTE HUILE OLIVE 16%  & BALSAMIQUE 20ML X256;
4897;MOUTARDE SAVORA POT 385G;
4908;TABASCO ROUGE 60 ML;
4946;SAUCE ANGLAISE WORCESTER HEINZ 150ML;
5148;JUS DE TRUFFES TUBER BRUMALE 400G;
5156;BRISURES TRUFFES MELANO (100G NE) 105G;
5167;HUILE PEPIN RAISIN AROME TRUFFE NOIRE 250ML;
5168;HUILE PEPIN RAISIN AROME TRUFFE BLANCH 250ML;
5209;SAFRAN FILAMENTS 10G;
5219;SAFRAN POUDRE 10G;
5278;TEXTURAS KAPPA BOITE 400G;
5301;TEXTURAS LECITE BOITE 300G;
5307;TEXTURAS XANTANA BOITE 600G;
5308;TEXTURAS SUCRO BOITE 600G;
5314;PONZU PLATINIUM 300ML;
5333;JUS CITRON YUZU X 360 ML;
5346;ECLATS SUCRE PETILLANTS NEUTRE 1KG;
5451;ALCAPARRON NET EGOUTTE 2 KG;
5500;AMANDE CRUE DECORTIQUEE 34/36 1KG;
5501;AMANDE BLANCHIE EMONDEE 34/36 1KG;
5505;NOISETTE CRUE DECORTIQUEE 13/15 1KG;
5506;NOISETTE BLANCHIE EMONDEE 13/15 1KG;
5507;NOISETTE HACHEE TORREFIEE 1KG;
5510;AMANDE EFFILEE X 1KG;
5511;AMANDE POUDRE BLANCHIE 100%  1KG;
5512;AMANDE POUDRE EXTRA FINE 1KG;
5514;AMANDE HACHEE BLANCHIE 1KG;
5519;PRUNEAUX AGEN DENOYAUTE 1KG;
5520;NOISETTE EN POUDRE BRUTE 1KG;
5550;RAISIN SEC GOLDEN 1KG;
5557;RAISIN CORINTHE 1 KG;
5572;NOIX DE CAJOU TRUFFE NOIRE 1,1% 500G;
5573;NOIX DE CAJOU GRILLEES SALEES 1KG;
5584;PISTACHE VERTE POUDRE 1KG;
5592;NOIX MACADAMIA DECORTIQUEE 1KG;
5593;NOIX PECAN 1KG;
5594;SESAME GRAINES BLANCHES 1KG;
5595;NOIX COCO RAPEE X 1KG;
5597;MAIS A POP CORN 1 KG;
5608;PISTACHE EMONDEE GRADE C 1KG;
5609;SESAME GRAINES DOREES 1 KG;
5622;FIGUE MOELLEUSE NATURE X 2KG;
5625;ABRICOTS MOELLEUX Nø4 1KG;
5632;CACAHUETES BLANCHIES GRILLEES 1 KG;
5633;CACAHUETES BLANCHIES NON SALEES 1KG;
5660;NOIX DE COCO LAMELLES 500GR;
5736;NOIX ST JACQUES SS CORAIL X48;
5754;ESCALOPES DE FOIE GRAS CRU GRAND CHEF SURG 60/80G;
5787;PUREE DE BERGAMOTE 100% SURG BOIRON 1KG;
5799;PUREE DE YUZU 100% SURG BOIRON 1KG;
5801;PUREE DE MIRABELLE 100% SURG BOIRON 1 KG;
5802;PUREE DE POIRE 100% SURG BOIRON 1 KG;
5803;PUREE DE POMME VERTE SURG BOIRON 1KG;
5805;PUREE DE FIGUE VIOLETTE 100% SURG BOIRON 1KG;
5806;PUREE DE PECHE SANGUINE 100% SURG BOIRON 1KG;
5807;PUREE DE PECHE BLANCHE 100% SURG BOIRON 1KG;
5808;PUREE DE MELON 100% SURG BOIRON 1KG;
5810;PUREE DE FRAISE MARA DES BOIS 100% SURG BOIRON 1KG;
5812;PUREE DE CASSIS 100% SURG BOIRON 1KG;
5814;PUREE DE FRAMBOISE 100% SURG BOIRON 1KG;
5816;PUREE DE MURE 100% SURG BOIRON 1KG;
5822;PUREE D'ANANAS 100% SURG BOIRON 1KG;
5823;PUREE DE BANANE SURG BOIRON 1KG;
5825;PUREE DE PASSION 100% SURG BOIRON 1KG;
5826;PUREE DE GOYAVE 100% SURG BOIRON 1KG;
5828;PUREE DE LITCHI 100% SURG BOIRON 1KG;
5829;PUREE DE MANGUE 100% SURG BOIRON 1KG;
5831;PUREE D'ORANGE SANGUINE 100% SURG BOIRON 1KG;
5833;PUREE DE KALAMANSI 100% SURG BOIRON 1KG;
5834;PUREE DE PAMPLEMOUSSE ROSE 100% SURG BOIRON 1KG;
5842;FRAMBOISE BRISEE SURG BOIRON 1KG;
5850;MURE ENTIERE SURG BOIRON 1KG;
5853;PUREE DE CITRON VERT 100% SURG BOIRON 1KG;
5870;OREILLON D'ABRICOT SURG BOIRON 1KG;
5871;MYRTILLE ENTIERE SURG BOIRON 1KG;
5924;PUREE D'ARGOUSIER 100% SURG BOIRON 1KG;
5961;MINI FILETS ANGUILLE FUME 100G;
6327;FILET DE LOMO BELLOTA 100% IBERIQUE ENV 400G;
6328;CHORIZO BELLOTA 100% IBERIQUE S/VIDE ENV 1KG;
6330;SAUCISSON DE BELLOTA 100% IBERIQUE S/VIDE KG;
6415;MAGRET CANARD ENV 400G;
6693;FOIE GRAS DE CANARD AUX 2 POIVRES & CHAMPAGNE 500G;
6696;FOIE GRAS DE CANARD ENTIER DE SUD OUEST IGP 500G;
6827;RHUM NEGRITA ORANGE MACERE 55% 1L;
6832;CITROR  PRO JAUNE 1L;
6837;COGNAC 40% PET 2L;
6838;PORTO ROUGE 19% PET 2L;
8057;KETCHUP TOP DOWN 560G;
8084;ANCHOIS FILETS HUILE 4/4 800G;
8088;FLORA PLANT PRO 31% MG 1L;
8089;FLORA PLANT PRO 15% MG 1L;
8090;VIOLIFE CREMEUX A TARTINER ORIGINAL 500G;
8100;CERISE AMARENA SIROP BOITE 4/4;
8102;DEMI ABRICOTS 4/4;
8103;LITCHI BTE 3/4;
8104;DEMI PECHES BLANCHES SIROP 4/4;
8112;AMARENA 3/1 (1360 NE) 2,7KG;
8116;MIRABELLES DENOYAUTEES 2/1;
8117;DEMI POIRE WILLIAM 5/1;
8173;SIROP D'AGAVE BIO SOUPLE 690G;
8324;FONDS BLANC VOLAILLE PREMIUM 630G;
8325;FONDS BRUN VEAU LIE PREMIUM 600G;
8326;FONDS VEAU PREMIUM 640 G;
8327;FUMET POISSON PREMIUM 630G;
8375;SEL FUME VIKING NORVEGE 225G;
8390;CHAPELURE DE PAIN BLANC 1KG;
8392;FECULE DE POMME DE TERRE 1 KG;
8405;ANIS VERT ENTIER PET 1L 320 G;
8408;BAIES ROSES PET 1L 250G;
8409;CARDAMOME VERTE ENTIERE PET 1L 300G;
8410;BADIANE ENTIERE ANIS ETOILEE 1L 180G;
8413;CANNELLE ENTIERE 6 CM PET 1L 200G;
8419;CANNELLE MOULUE SUPERIEURE 1 L 500G;
8420;CORIANDRE ENTIER PET 1L 300G;
8440;FENOUIL GRAINES PET 1L 300G;
8448;GIROFLE CLOU ENTIER PET 1L 300G;
8453;MOUTARDE GRAINES PET 1L 650G;
8459;MUSCADE NOIX 100/110 PET 1L  500G;
8461;NIGELLE PET 1L 550G;
8477;PIMENT LANGUES D'OISEAU PET 1L 200G;
8504;POIVRE NOIR CONCASSE FIN 1KG;
8530;FONDANT PATISSIER 1KG DAWN;
8610;PIMENT ESPELETTE AOC PDRE  50G;
8611;PIMENT ESPELETTE AOC POUDRE 250G;
8691;SPIGOL 100% NATUREL 100G;
8890;PATE CURRY MADRAS FORT 200G;
8906;EXCELLENCE TEMPURA 500G;
8907;SUCRE MUSCOVADO 1KG;
8920;FLEURS DE BLEUET 15G PET 330ML;
8921;FLEURS D'HIBISCUS 130G PET 1L;
8922;FLEURS DE LAVANDIN 100G PET 1L;
8925;SESAME GRAINES NOIRES PET 1L 550G;
8926;TANDOORI PET 330ML 150G;
8930;MIX SATAY 185G PET 330ML;
8934;POIVRE BLANC SARAWAK 600G 1L;
8960;VINAIGRE RIZ JAPONAIS 25CL;
8961;VINAIGRE RIZ BLC CHINOIS 50CL;
8964;SUMAC POUDRE PET 1L 530G;
8973;MIX CAJUN EPICES A GRILLER 1L 375G;
8986;RIZ NOIR 1KG;
8995;PERLES BALSAMIQUE 50G;
8996;PERLES ECHALOTE 50G;
8997;PERLES BALSAMIQUE BLANC AU CITRON 50G;
9003;BAIE DE GOJI 1KG;
9007;ORANGES AIGUILLETTES 1KG;
9027;CLEMENTINES CORSES ENTIERES CONFITES 1KG;
9530;CARNET 25 FEUILLES D'OR 8X8CM;
9531;CARNET 25 FEUILLES D'ARGENT 9.5X9.5CM;
100006;FEUILLE RODHOID 60X40CM;
160107;MANJARI 64% FEVES 3KG;
160108;JIVARA LACTEE 40% FEVES 3KG;
160130;PRALINE AMANDE/NOISETTE 66% 5 KG;
160134;SOLSTIS CHOCOLAT NOIR 45 PIECES 430 G;
160155;GIANDUJA NOISETTE LAIT 35% 1KG;
160159;ABSOLU CRISTAL NAPPAGE NEUTRE VALHRONA 5 KG;
160163;GRUE CACAO 1 KG VALRHONA;
160177;INSPIRATION FRAMBOISE FEVES 3KG;
160252;EXTRAIT VANILLE BOURBON BIO AVEC GRAINS 500G;
160253;POUDRE DE VANILLE 40G;
160570;CHOCOLAT COUVERTURE NOIR AMERE 70% EQUATEUR 1/2 BOULES 5KG;
160572;CHOCOLAT COUVERTURE LAIT 36% EQUATEUR 1/2 BOULES 5KG;
160574;CHOCOLAT COUVERTURE BLANC 26% 1/2 BOULES 5KG;
160578;COUV LACTEE EXTRA 38% MEDE 1KG;
160579;COUVERTURE IVOIRE 1KG;
160580;PRALINE AMANDE  NOISETTE AU SUCRE CUIT 1KG;
160581;PATE DE PISTACHE 100% MEDELYS 1KG;
160583;PATE DE NOISETTE 100% MEDELYS 1KG;
160589;BEURRE DE CACAO MEDELYS 1KG;
160591;COUVERTURE NOIR AMERICAO 72% 1KG;
160592;COUVERTURE NOIRE SUPER GUAYAQUIL 64% 1KG;
160603;COLORANT NOIR CHARBON PDR 100G;
160720;AROME AMANDE AMERE 115ML;
160721;AROME BANANE 115ML;
160726;AROME NATUREL DE CITRON 115ML;
160730;AROME FRAISE 115ML;
160731;AROME FRAMBOISE 115ML;
160734;AROME NATUREL DE LAVANDE 115ML;
160736;AROME NATUREL DE MENTHE VERTE 115ML;
160738;AROME NOIX COCO 115ML;
160741;AROME PISTACHE 115ML;
160743;AROME NATUREL DE ROSE  115ML;
160744;AROME TRUFFE BLANCHE TYPE ITALIE 115ML;
160745;AROME TRUFFE NOIRE 115ML;
160746;AROME NATUREL DE VANILLE BOURBON (200G) 115ML;
160747;AROME VANILLE NOTE TAHI. 115ML;
160751;AROME COQUELICOT 115ML;
160752;AROME MENTHE POIVREE 115ML;
160907;COLORANT VERT PRAIRIE HYDRO 100G;
160924;COLORANT JAUNE LIPO 70G;
160926;COLORANT VERT PISTACHE LIPO 80G;
160940;COLORANT ROUGE BETTERAVE HYDRO 100G;
160948;CITRON NOIR ENTIER PET 330ML 19GR;
160949;MELANGE DE FLEURS SECHEES PET 1L 40G;
220079;FEUILLETINE PUR BEURRE 2,5 KG;
220089;BARRE PAIN EPICE NATURE 2,7KG;
350032;BAIE TIMUR PET 90G 330ML;
350132;GOMASIO 60G;
350176;HUILE VIERGE CACAHUETTE GRILLEE HB 50CL;
350177;HUILE VIERGE NOISETTE HB 50CL;
350200;CURRY BENGALI SARA 400G;
350220;RIZ RISOTTO CARNAROLI CLASSICO 1KG;
350253;CURRY BENGALI SARA 70G;
350256;MELANGE PAIN EPICES SARA 65G;
350265;PAPRIKA HONGRIE PDRE 70G;
350342;SESAME GRILLE WASABI 330ML 150G;
350343;SESAME GRILLE YUZU 330ML 150G;
350344;TETE MOULIN NOIR PET 330ML;
350349;ROSE PETALE SECHE PET 1L 60G;
350381;POIVRE DES GORILLES 330ML 175G;
350405;FLEUR SEL GUERANDE SEAU 1KG;
350406;FLEUR SEL GUERANDE SACHET 250G;
350424;SEL DE MALDON 250G;
350428;SEL DE MALDON FUME 125G;
350445;CERNEAUX DE NOIX EXTRA MOITIE 1KG;
350446;NOIX INVALIDES EXTRA S/V FR1KG;
350463;HUILE SESAME TOASTEE TERGA 50CL;
350466;EAU DE FLEUR D'ORANGER TERGA 600ML;
350467;EAU DE ROSE TERGA 300ML;
350469;HUILE OLIVE BIO ATLAS 1 L;
350482;VINAIGRE PULPE KALAMANSI 20CL;
350483;VINAIGRE PULPE DE TOMATE DOUCE 20CL;
350490;CONDIMENTO BIANCO TERGA  25CL;
350492;BALSAMIQUE DE POMME ROUGE 100% 25CL;
350520;MOUTARDE MOUT RAISIN TERRES ROUGES 200G;
350522;MOUTARDE PIMENT ESPELETTE 200G;
350524;MOUTARDE TRUFFE 200G;
350528;MOUTARDE ESTRAGON 200G;
350777;FEVES DE TONKA PET 330ML 190GR;
360014;COMBAVA POUDRE 40G;
360034;CURCUMA EN POUDRE 50G;
380015;CANNELLONI Nø100 250G;
380017;PENNETTINE Nø42 500G;
380030;SPAGHETTI Nø 12 DE CECCO 500G;
380031;FUSILLI Nø34 500G;
380035;FETTUCCINE Nø233 500G;
380039;PIPE RIGATE Nø49 500G;
380049;ZITONE Nø19 500G;
380054;GNOCCHETTI SARDI Nø83 500G;
380055;CONCHIGLIE RIGATE Nø 50 500g;
380056;CASARECCIA Nø88 500G;
380060;PENNE RIGATE Nø41 1KG;
380062;LINGUINE Nø7 1KG;
380063;ORECCHIETTE Nø91 1KG;
380079;QUINOA SOUFFLE BIO 100G;
380087;GRAINES DE LIN DORE BIO 500G;
380105;CHIPS BLEUES VITELOTTES 125G;
380154;POLENTA FINE 1KG;
380165;SARRASIN DECORTIQUE BIO 500G;
380166;GRAINES DE CHIA BIO 250G;
380200;QUINOA BLANC BIO SABAROT 1KG;
380203;LENTILLE BELUGA NOIRE 500G;
380205;GOUTTE DE POIVRON ROUGE (100G NE) 190G;
380207;GOUTTE DE POIVRON JAUNE (100G NE) 190G;
380212;ORGE PERLEE FRANCE BIO 500G;
380218;QUINOA NOIR SABAROT 1KG;
380238;RIZ BASMATI ROSE INDE BIO 300G;
380329;TOURNESOL DECORTIQUE BIO 1KG;
380348;PETIT EPEAUTRE DU VELAY 1KG;
380365;LENTILLES VERTES DU PUY 500G;
380503;TOFOU NATURE BIO 500G;
380620;BOISSON AMANDES BIO RH 1L;
380621;BOISSON AVOINE BIO RH 1L;
380622;BOISSON NOIX DE COCO BIO RH 1L;
380800;BE BETTER 500G;
380851;VERY AQUAFABA 1L;
390600;HUILE OLIVE IGP TOSCANO 50CL;
390601;HUILE OLIVE IGP SICILIA 50CL;
390602;HUILE OLIVE DOP TERRA DI BARI 50CL;
390603;HUILE OLIVE BIO FRUTTO DE LA  VITA 50CL;
410011;PATE D'OLIVE KALAMATA MEZE 1,6KG;
410013;OLIVES KALAMATA EN SAUMURE (2KG NE) 3,3KG;
410018;OLIVES VERTES CASSEES PROV 3KG;
410024;CITRONS CONFITS ENTIERS EN SAUMURE 2,7KG;
410048;TAPENADE NOIRE 200G;
410050;FONDS VOLAILLE NATUREL BRK 1L;
410053;FONDS DE VEAU NATUREL BRK 1L;
410059;HUILE OLIVE EXTRA VIERGE BIO KALIOS 50CL;
410060;HUILE OLIVE EXTRA VIERGE 01 KALIOS 50CL;
410061;OLIVES KALAMATA EN SAUMURE DENOYAUTEES (2KG NE) 3,3KG;
410062;HUILE OLIVE EXTRA VIERGE 02 KALIOS 50CL;
410063;HUILE OLIVE EXTRA VIERGE 03 KALIOS 50CL;
410156;CAVIAR D'AUBERGINE 500G;
410215;SIROP COQUELICOT NEMOURS 50CL;
440011;GELATINE VEGETALE POUDRE 500 G;
440202;THE MATCHA SUPERIEUR BIO 100G;
440203;JUS YUZU PRESSE MAIN 200ML;
440205;SAUCE SOJA KOMBU & DASHI 500ML;
440206;SCE YUZU PONZU SHIBANUMA 300ML;
440207;VINAIGRE DE RIZ SUSHI 360ML;
440208;DASHI LIQUIDE YAGISAWA 360ML;
440209;MISO BLANC PATE 500G;
440211;AIL NOIR D'AOMORI 1 TETE 35G;
440213;VINAIGRE DE PRUNE UME 720ML;
440240;ECORCES DE YUZU SUCREES 1KG;
440242;JAPONAISE CHAPELURE PANKO 1KG;
440243;GALETTE RIZ 28CM 1KG;
440246;PATE DE SESAME NOIR 1KG;
440250;WAKAME SECHE MORCEAUX 500G;
440259;CREME DE COCO 200G;
440265;PATE CURRY VERT SACH COCK 50GR;
440266;PATE CURRY ROUGE SACHET 50G;
440277;PATE DE CURRY ROUGE 400GR;
440286;SAUCE MIRIN 1L;
441001;BOUILLON VOLAILLE ARIAKE 5X86G  430G;
441002;BOUILLON LEGUMES ARIAKE 5X62G  310G;
441004;BOUILLON BOEUF ARIAKE 5X65G  325G;
441005;BOUILLON CRUSTACE ARIAKE 5X55G  275G;
441006;BOUILLON THAØ ARIAKE 5X85G  425G;
441015;JUS VOLAILLE ROTIE 400ML;
441016;JUS LANGOUSTINE ROTIE 400ML;
441017;JUS VEAU ROTI ARIAKE 400 ML;
441020;BOUILLON VOLAILLE 5X14,2G  71G;
441021;BOUILLON LEGUMES 5X10,4G  52G;
441023;BOUILLON DASHI 4X10G  40G;
441027;MISO POUDRE 250G;
441030;FONDS VEAU ARIAKE PATE 500G;
500320;MAGRET CND FUME TRANCHE 90G;
500323;BLOC FOIE GRAS 30% AVEC MORCEAUX MI CUIT 1KG;
500330;BURGER D'EFFILOCHE DE CANARD SURG 24X110G;
530013;BLINIS COCKTAIL 135G x 30;
530029;BLINIS X 4 200G;
530274;CAVIAR BAERI FRANCAIS MEDELYS 50G;
530630;SAUCE ROUILLE & CREVETTES 50G;
598010;JUS PETILLANT POMME/POIRE BIO 75CL;
